Ad ID,URL Ending
10186453,/wg-zimmer-in-Berlin-Friedrichshain.10186453.html
10920361,/wg-zimmer-in-Berlin-Prenzlauer-Berg.10920361.html
10921262,/wg-zimmer-in-Berlin-Pankow.10921262.html
10922368,/wg-zimmer-in-Berlin-Oberschoeneweide.10922368.html
10913751,/wg-zimmer-in-Berlin-Oberschoeneweide.10913751.html
10921400,/wg-zimmer-in-Berlin-Friedrichshagen.10921400.html
10921287,/wg-zimmer-in-Berlin-Friedrichshain.10921287.html
10921707,/wg-zimmer-in-Berlin-Treptow.10921707.html
10920557,/wg-zimmer-in-Berlin.10920557.html
10223580,/wg-zimmer-in-Berlin-Schoeneberg.10223580.html
10921614,/1-zimmer-wohnungen-in-Berlin-Schoeneberg.10921614.html
10922006,/wg-zimmer-in-Berlin-Schoeneberg.10922006.html
10921604,/wg-zimmer-in-Berlin-Schoeneberg.10921604.html
9262051,/1-zimmer-wohnungen-in-Berlin-Schoeneberg.9262051.html
10922049,/wg-zimmer-in-Berlin-Lichtenberg.10922049.html
10920556,/wg-zimmer-in-Berlin.10920556.html
10918389,/wg-zimmer-in-Berlin-Friedrichshain.10918389.html
10921517,/wg-zimmer-in-Berlin-Biesdorf.10921517.html
10921853,/1-zimmer-wohnungen-in-Berlin-Marzahn.10921853.html
9799828,/wg-zimmer-in-Berlin-Marzahn.9799828.html
10922389,/1-zimmer-wohnungen-in-Berlin-Prenzlauer-Berg.10922389.html
10922373,/wg-zimmer-in-Berlin-Prenzlauer-Berg.10922373.html
10921391,/wg-zimmer-in-Berlin-Prenzlauer-Berg.10921391.html
9969763,/wg-zimmer-in-Berlin-Steglitz.9969763.html
10922007,/wg-zimmer-in-Berlin-Prenzlauer-Berg.10922007.html
10921777,/wg-zimmer-in-Berlin-Prenzlauer-Berg.10921777.html
10328124,/1-zimmer-wohnungen-in-Berlin-Prenzlauer-Berg.10328124.html
10177348,/wg-zimmer-in-Berlin-Prenzlauer-Berg.10177348.html
10921462,/1-zimmer-wohnungen-in-Berlin-Prenzlauer-Berg.10921462.html
9643948,/1-zimmer-wohnungen-in-Berlin-Prenzlauer-Berg.9643948.html
10915213,/1-zimmer-wohnungen-in-Berlin-Friedrichshain.10915213.html
10125011,/1-zimmer-wohnungen-in-Berlin-Prenzlauer-Berg.10125011.html
10921583,/1-zimmer-wohnungen-in-Berlin-Weissensee.10921583.html
10921331,/wg-zimmer-in-Berlin-Weissensee.10921331.html
10922028,/wg-zimmer-in-Berlin-Reinickendorf.10922028.html
10921811,/wg-zimmer-in-Berlin-Reinickendorf.10921811.html
10922506,/wg-zimmer-in-Berlin-Britz.10922506.html
10922273,/wg-zimmer-in-Berlin-Neukoelln.10922273.html
10922245,/wg-zimmer-in-Berlin-Neukoelln.10922245.html
10921770,/wg-zimmer-in-Berlin-Neukoelln.10921770.html
10707266,/1-zimmer-wohnungen-in-Berlin-Neukoelln.10707266.html
9786219,/1-zimmer-wohnungen-in-Berlin-Neukoelln.9786219.html
10437263,/1-zimmer-wohnungen-in-Berlin-Neukoelln.10437263.html
8771210,/1-zimmer-wohnungen-in-Berlin-Neukoelln.8771210.html
10921703,/wg-zimmer-in-Berlin-Neukoelln.10921703.html
10921618,/1-zimmer-wohnungen-in-Berlin-Neukoelln.10921618.html
10645918,/wg-zimmer-in-Berlin-Neukoelln.10645918.html
10922031,/wg-zimmer-in-Berlin-Wilmersdorf.10922031.html
10920558,/wg-zimmer-in-Berlin.10920558.html
10922357,/wg-zimmer-in-Berlin-Charlottenburg-Wilmersdorf.10922357.html
10922277,/1-zimmer-wohnungen-in-Berlin-Charlottenburg.10922277.html
10922011,/1-zimmer-wohnungen-in-Berlin-Charlottenburg.10922011.html
10920552,/wg-zimmer-in-Berlin.10920552.html
10919267,/wg-zimmer-in-Berlin-Charlottenburg.10919267.html
10921751,/wg-zimmer-in-Berlin-Steglitz-Zehlendorf.10921751.html
10922291,/wg-zimmer-in-Berlin-Steglitz-Zehlendorf.10922291.html
7627337,/wg-zimmer-in-Berlin-Zehlendorf.7627337.html
9122556,/wg-zimmer-in-Berlin-Zehlendorf.9122556.html
9634491,/wg-zimmer-in-Berlin-Wannsee.9634491.html
10922497,/wg-zimmer-in-Berlin-Tempelhof-Schoeneberg.10922497.html
10921337,/wg-zimmer-in-Berlin-Friedenau.10921337.html
10921267,/wg-zimmer-in-Berlin-Friedenau.10921267.html
10920200,/wg-zimmer-in-Berlin-Friedenau.10920200.html
10920844,/1-zimmer-wohnungen-in-Berlin-Friedrichshain.10920844.html
10920377,/wg-zimmer-in-Berlin-Tempelhof.10920377.html
10920626,/1-zimmer-wohnungen-in-Berlin-Tempelhof.10920626.html
10920303,/wg-zimmer-in-Berlin-Tempelhof.10920303.html
10920163,/wg-zimmer-in-Berlin-Mariendorf.10920163.html
10920555,/wg-zimmer-in-Berlin-Friedrichshain.10920555.html
9958684,/wg-zimmer-in-Berlin-Friedrichshain-Kreuzberg.9958684.html
10921552,/wg-zimmer-in-Berlin-Friedrichshain-Kreuzberg.10921552.html
8386648,/wg-zimmer-in-Berlin-Friedrichshain-Kreuzberg.8386648.html
10912746,/wg-zimmer-in-Berlin.10912746.html
10922573,/wg-zimmer-in-Berlin-Friedrichshain.10922573.html
10921197,/wg-zimmer-in-Berlin-Friedrichshain.10921197.html
10922437,/wg-zimmer-in-Berlin-Kreuzberg.10922437.html
10914217,/wg-zimmer-in-Berlin-Kreuzberg.10914217.html
8198478,/wg-zimmer-in-Berlin-Friedrichshain.8198478.html
10920796,/wg-zimmer-in-Berlin-Friedrichshain.10920796.html
10920227,/wg-zimmer-in-Berlin-Kreuzberg.10920227.html
8375565,/1-zimmer-wohnungen-in-Berlin-Friedrichshain.8375565.html
10413761,/wg-zimmer-in-Berlin-Friedrichshain.10413761.html
10921761,/wg-zimmer-in-Berlin-Friedrichshain.10921761.html
10907094,/wg-zimmer-in-Berlin-Friedrichshain.10907094.html
10921700,/wg-zimmer-in-Berlin-Kreuzberg.10921700.html
10921675,/wg-zimmer-in-Berlin-Friedrichshain.10921675.html
4589847,/1-zimmer-wohnungen-in-Berlin-Friedrichshain.4589847.html
10705819,/wg-zimmer-in-Berlin-Kreuzberg.10705819.html
10921399,/1-zimmer-wohnungen-in-Berlin-Friedrichshain.10921399.html
10921383,/1-zimmer-wohnungen-in-Berlin-Kreuzberg.10921383.html
10921318,/wg-zimmer-in-Berlin-Friedrichshain.10921318.html
10921270,/wg-zimmer-in-Berlin-Friedrichshain.10921270.html
10921266,/wg-zimmer-in-Berlin-Kreuzberg.10921266.html
10921124,/1-zimmer-wohnungen-in-Berlin-Kreuzberg.10921124.html
10919832,/wg-zimmer-in-Berlin-Kreuzberg.10919832.html
10905208,/wg-zimmer-in-Berlin-Friedrichshain.10905208.html
3981501,/1-zimmer-wohnungen-in-Berlin-Kreuzberg.3981501.html
10920452,/wg-zimmer-in-Berlin-Kreuzberg.10920452.html
10920288,/wg-zimmer-in-Berlin-Kreuzberg.10920288.html
10920333,/1-zimmer-wohnungen-in-Berlin-Kreuzberg.10920333.html
10920261,/wg-zimmer-in-Berlin-Kreuzberg.10920261.html
10161580,/wg-zimmer-in-Berlin-Friedrichshain.10161580.html
10920092,/wg-zimmer-in-Berlin-Friedrichshain.10920092.html
10920046,/wg-zimmer-in-Berlin-Kreuzberg.10920046.html
10920056,/wg-zimmer-in-Berlin-Kreuzberg.10920056.html
10919999,/1-zimmer-wohnungen-in-Berlin-Kreuzberg.10919999.html
10919826,/1-zimmer-wohnungen-in-Berlin-Friedrichshain.10919826.html
7396253,/wg-zimmer-in-Berlin-Friedrichshain.7396253.html
10920551,/1-zimmer-wohnungen-in-Berlin-Pankow.10920551.html
10921533,/wg-zimmer-in-Berlin-Spandau.10921533.html
10920554,/wg-zimmer-in-Berlin.10920554.html
10606967,/1-zimmer-wohnungen-in-Berlin-Wedding.10606967.html
10921988,/wg-zimmer-in-Berlin-Wedding.10921988.html
10921816,/wg-zimmer-in-Berlin-Wedding.10921816.html
10921769,/1-zimmer-wohnungen-in-Berlin-Wedding.10921769.html
10920772,/wg-zimmer-in-Berlin-Wedding.10920772.html
10433231,/1-zimmer-wohnungen-in-Berlin-Wedding.10433231.html
9461599,/1-zimmer-wohnungen-in-Berlin-Wedding.9461599.html
10920146,/wg-zimmer-in-Berlin-Wedding.10920146.html
10707927,/wg-zimmer-in-Berlin-Wedding.10707927.html
10920883,/wg-zimmer-in-Berlin-Wedding.10920883.html
10920835,/wg-zimmer-in-Berlin-Wedding.10920835.html
10920710,/wg-zimmer-in-Berlin-Gesundbrunnen.10920710.html
10920537,/wg-zimmer-in-Berlin-Wedding.10920537.html
10920221,/1-zimmer-wohnungen-in-Berlin-Wedding.10920221.html
10919772,/wg-zimmer-in-Berlin-Wedding.10919772.html
10921205,/wg-zimmer-in-Berlin-Mitte.10921205.html
10920802,/wg-zimmer-in-Berlin-Mitte.10920802.html
10922385,/1-zimmer-wohnungen-in-Berlin-Mitte.10922385.html
7129159,/wg-zimmer-in-Berlin-Tiergarten.7129159.html
10921918,/1-zimmer-wohnungen-in-Berlin-Mitte.10921918.html
10273701,/wg-zimmer-in-Berlin-Mitte.10273701.html
10920247,/wg-zimmer-in-Berlin-Mitte.10920247.html
10920398,/wg-zimmer-in-Berlin-Mitte.10920398.html
10919935,/1-zimmer-wohnungen-in-Berlin-Mitte.10919935.html
10919917,/wg-zimmer-in-Berlin-Mitte.10919917.html
10919781,/wg-zimmer-in-Berlin-Mitte.10919781.html
10921702,/wg-zimmer-in-Berlin-Moabit.10921702.html
10920776,/wg-zimmer-in-Berlin-Moabit.10920776.html
10920764,/wg-zimmer-in-Berlin-Moabit.10920764.html
10256714,/1-zimmer-wohnungen-in-Berlin-Moabit.10256714.html
10920363,/wg-zimmer-in-Berlin-Moabit.10920363.html
