Ortsteil;Bezirk
Adlershof;Treptow-Köpenick
Alt-Hohenschönhausen;Lichtenberg
Altglienicke;Treptow-Köpenick
Baumschulenweg;Treptow-Köpenick
Biesdorf;Marzahn-Hellersdorf
Blankenburg;Pankow
Blankenfelde;Pankow
Bohnsdorf;Treptow-Köpenick
Borsigwalde;Reinickendorf
Britz;Neukölln
Buch;Pankow
Buchholz;Pankow
Buckow;Neukölln
Charlottenburg;Charlottenburg-Wilmersdorf
Charlottenburg-Wilmersdorf;Charlottenburg-Wilmersdorf
Dahlem;Steglitz-Zehlendorf
Falkenberg;Lichtenberg
Französisch Buchholz;Pankow
Friedenau;Tempelhof-Schöneberg
Friedrichsfelde;Lichtenberg
Friedrichshagen;Treptow-Köpenick
Friedrichshain;Friedrichshain-Kreuzberg
Friedrichshain-Kreuzberg;Friedrichshain-Kreuzberg
Frohnau;Reinickendorf
Gatow;Spandau
Gesundbrunnen;Mitte
Gropiusstadt;Neukölln
Grünau;Treptow-Köpenick
Grunewald;Charlottenburg-Wilmersdorf
Hakenfelde;Spandau
Halensee;Charlottenburg-Wilmersdorf
Heiligensee;Reinickendorf
Heinersdorf;Pankow
Hellersdorf;Marzahn-Hellersdorf
Hermsdorf;Reinickendorf
Hessenwinkel;Treptow-Köpenick
Hohenschönhausen;Lichtenberg
Johannisthal;Treptow-Köpenick
Karlshorst;Lichtenberg
Karolinenhof;Treptow-Köpenick
Karow;Pankow
Kaulsdorf;Marzahn-Hellersdorf
Kladow;Spandau
Konradshöhe;Reinickendorf
Köpenick;Treptow-Köpenick
Kreuzberg;Friedrichshain-Kreuzberg
Lankwitz;Steglitz-Zehlendorf
Lichtenberg;Lichtenberg
Lichtenrade;Tempelhof-Schöneberg
Lichterfelde;Steglitz-Zehlendorf
Lübars;Reinickendorf
Mahlsdorf;Marzahn-Hellersdorf
Malchow;Lichtenberg
Mariendorf;Tempelhof-Schöneberg
Marienfelde;Reinickendorf
Marzahn;Marzahn-Hellersdorf
Marzahn-Hellersdorf;Marzahn-Hellersdorf
Mitte;Mitte
Moabit;Mitte
Müggelheim;Treptow-Köpenick
Neu-Hohenschönhausen;Lichtenberg
Neukölln;Neukölln
Niederschöneweide;Treptow-Köpenick
Niederschönhausen;Pankow
Nikolassee;Steglitz-Zehlendorf
Oberschöneweide;Treptow-Köpenick
Pankow;Pankow
Pichelsdorf;Spandau
Plänterwald;Treptow-Köpenick
Prenzlauer Berg;Pankow
Rahnsdorf;Treptow-Köpenick
Reinickendorf;Reinickendorf
Rosenthal;Pankow
Rudow;Neukölln
Rummelsburg;Lichtenberg
Schmargendorf;Steglitz-Zehlendorf
Schmöckwitz;Charlottenburg-Wilmersdorf
Schöneberg;Treptow-Köpenick
Siemensstadt;Tempelhof-Schöneberg
Spandau;Spandau
Staaken;Spandau
Stadtrandsiedlung Malchow;Spandau
Steglitz;Pankow
Steglitz-Zehlendorf;Steglitz-Zehlendorf
Tegel;Reinickendorf
Tempelhof;Tempelhof-Schöneberg
Tempelhof-Schöneberg;Tempelhof-Schöneberg
Tiergarten;Mitte
Treptow;Treptow-Köpenick
Waidmannslust;Reinickendorf
Wannsee;Steglitz-Zehlendorf
Wartenberg;Lichtenberg
Wedding;Mitte
Weißensee;Pankow
Wilhelmshagen;Treptow-Köpenick
Wilhelmsruh;Pankow
Wilhelmstadt;Spandau
Wilmersdorf;Charlottenburg-Wilmersdorf
Wittenau;Reinickendorf
Zehlendorf;Steglitz-Zehlendorf
